[
  {
    "chapterTitle": "Party Time",
    "title": "Party Time",
    "audio": "1_1/1_1.m3u8",
    "content": [
      {
        "folio": "1",
        "time": "1-1"
      },
      {
        "folio": "2",
        "time": "2-2"
      },
      {
        "folio": "3",
        "time": "3-3"
      }
    ],
    "children": [
      {
        "chapterTitle": "Getting Started",
        "title": "Getting Started",
        "audio": "1_1/1_1.m3u8",
        "content": [
          {
            "folio": "4",
            "time": "3-3"
          },
          {
            "folio": "5",
            "time": "4-4"
          },
          {
            "folio": "6",
            "time": "5-5"
          },
          {
            "folio": "7",
            "time": "6-6"
          },
          {
            "folio": "8",
            "time": "7-7"
          },
          {
            "folio": "9",
            "time": "8-8"
          },
          {
            "folio": "10",
            "time": "9-9"
          },
          {
            "folio": "11",
            "time": "10-10"
          }
        ]
      },
      {
        "chapterTitle": "Party Tonight",
        "title": "Party Tonight",
        "audio": "1_1/1_1.m3u8",
        "content": [
          {
            "folio": "12",
            "time": "10-10"
          },
          {
            "folio": "13",
            "time": "11-11"
          },
          {
            "folio": "14",
            "time": "12-12"
          },
          {
            "folio": "15",
            "time": "13-13"
          },
          {
            "folio": "16",
            "time": "14-14"
          },
          {
            "folio": "17",
            "time": "15-15"
          },
          {
            "folio": "18",
            "time": "16-16"
          },
          {
            "folio": "19",
            "time": "17-17"
          },
          {
            "folio": "20",
            "time": "18-18"
          },
          {
            "folio": "21",
            "time": "19-19"
          },
          {
            "folio": "22",
            "time": "20-20"
          },
          {
            "folio": "23",
            "time": "21-21"
          },
          {
            "folio": "24",
            "time": "22-22"
          },
          {
            "folio": "25",
            "time": "23-23"
          },
          {
            "folio": "26",
            "time": "24-24"
          },
          {
            "folio": "27",
            "time": "25-25"
          },
          {
            "folio": "28",
            "time": "26-26"
          }
        ]
      },
      {
        "chapterTitle": "Exam Time",
        "title": "Exam Time",
        "audio": "1_1/1_1.m3u8",
        "content": [
          {
            "folio": "29",
            "time": "26-26"
          },
          {
            "folio": "30",
            "time": "27-27"
          },
          {
            "folio": "31",
            "time": "28-28"
          },
          {
            "folio": "32",
            "time": "29-29"
          },
          {
            "folio": "33",
            "time": "30-30"
          },
          {
            "folio": "34",
            "time": "31-31"
          },
          {
            "folio": "35",
            "time": "32-32"
          },
          {
            "folio": "36",
            "time": "33-33"
          },
          {
            "folio": "37",
            "time": "34-34"
          },
          {
            "folio": "38",
            "time": "35-35"
          },
          {
            "folio": "39",
            "time": "36-36"
          },
          {
            "folio": "40",
            "time": "37-37"
          },
          {
            "folio": "41",
            "time": "38-38"
          },
          {
            "folio": "42",
            "time": "39-39"
          },
          {
            "folio": "43",
            "time": "40-40"
          }
        ]
      },
      {
        "chapterTitle": "Tea Party",
        "title": "Tea Party",
        "audio": "1_1/1_1.m3u8",
        "content": [
          {
            "folio": "44",
            "time": "40-40"
          },
          {
            "folio": "45",
            "time": "41-41"
          },
          {
            "folio": "46",
            "time": "42-42"
          },
          {
            "folio": "47",
            "time": "43-43"
          },
          {
            "folio": "48",
            "time": "44-44"
          },
          {
            "folio": "49",
            "time": "45-45"
          },
          {
            "folio": "50",
            "time": "46-46"
          },
          {
            "folio": "51",
            "time": "47-47"
          },
          {
            "folio": "52",
            "time": "48-48"
          },
          {
            "folio": "53",
            "time": "49-49"
          },
          {
            "folio": "54",
            "time": "50-50"
          }
        ],
        "children": [
          {
            "chapterTitle": "Whether Report",
            "title": "Whether Report",
            "audio": "1_1/1_1.m3u8",
            "content": [
              {
                "folio": "55",
                "time": "50-50"
              },
              {
                "folio": "56",
                "time": "51-51"
              },
              {
                "folio": "57",
                "time": "52-52"
              },
              {
                "folio": "58",
                "time": "53-53"
              },
              {
                "folio": "59",
                "time": "54-54"
              },
              {
                "folio": "60",
                "time": "55-55"
              },
              {
                "folio": "61",
                "time": "56-56"
              },
              {
                "folio": "62",
                "time": "57-57"
              },
              {
                "folio": "63",
                "time": "58-58"
              },
              {
                "folio": "64",
                "time": "59-59"
              },
              {
                "folio": "65",
                "time": "60-60"
              },
              {
                "folio": "66",
                "time": "61-61"
              },
              {
                "folio": "67",
                "time": "62-62"
              },
              {
                "folio": "68",
                "time": "63-63"
              },
              {
                "folio": "69",
                "time": "64-64"
              }
            ]
          },
          {
            "chapterTitle": "Brad Party",
            "title": "Brad Party",
            "audio": "1_1/1_1.m3u8",
            "content": [
              {
                "folio": "70",
                "time": "64-64"
              },
              {
                "folio": "71",
                "time": "65-65"
              },
              {
                "folio": "72",
                "time": "66-66"
              },
              {
                "folio": "73",
                "time": "67-67"
              },
              {
                "folio": "74",
                "time": "68-68"
              },
              {
                "folio": "75",
                "time": "69-69"
              },
              {
                "folio": "76",
                "time": "70-70"
              },
              {
                "folio": "77",
                "time": "71-71"
              },
              {
                "folio": "78",
                "time": "72-72"
              },
              {
                "folio": "79",
                "time": "73-73"
              },
              {
                "folio": "80",
                "time": "74-74"
              },
              {
                "folio": "81",
                "time": "75-75"
              },
              {
                "folio": "82",
                "time": "76-76"
              }
            ]
          },
          {
            "chapterTitle": "Search Results Web results  Pick Me Up™ – Apps on Google Playplay.google.com › store › apps › details › id=com.custo... Have you ever wanted to be a ride share driver? Pick up and drop off customers to earn money and level up.",
            "title": "Search Results Web results  Pick Me Up™ – Apps on Google Playplay.google.com › store › apps › details › id=com.custo... Have you ever wanted to be a ride share driver? Pick up and drop off customers to earn money and level up.",
            "audio": "1_1/1_1.m3u8",
            "content": [
              {
                "folio": "83",
                "time": "76-76"
              },
              {
                "folio": "84",
                "time": "77-77"
              },
              {
                "folio": "85",
                "time": "78-78"
              },
              {
                "folio": "86",
                "time": "79-79"
              },
              {
                "folio": "87",
                "time": "80-80"
              },
              {
                "folio": "88",
                "time": "81-81"
              },
              {
                "folio": "89",
                "time": "82-82"
              },
              {
                "folio": "90",
                "time": "83-83"
              },
              {
                "folio": "91",
                "time": "84-84"
              },
              {
                "folio": "92",
                "time": "85-85"
              },
              {
                "folio": "93",
                "time": "86-86"
              },
              {
                "folio": "94",
                "time": "87-87"
              },
              {
                "folio": "95",
                "time": "88-88"
              },
              {
                "folio": "96",
                "time": "89-89"
              },
              {
                "folio": "97",
                "time": "90-90"
              },
              {
                "folio": "98",
                "time": "91-91"
              },
              {
                "folio": "99",
                "time": "92-92"
              },
              {
                "folio": "100",
                "time": "93-93"
              },
              {
                "folio": "101",
                "time": "94-94"
              },
              {
                "folio": "102",
                "time": "95-95"
              },
              {
                "folio": "103",
                "time": "96-96"
              },
              {
                "folio": "104",
                "time": "97-97"
              },
              {
                "folio": "105",
                "time": "98-98"
              },
              {
                "folio": "106",
                "time": "99-99"
              },
              {
                "folio": "107",
                "time": "100-100"
              }
            ]
          }
        ]
      }
    ]
  },
  {
    "chapterTitle": "Party Time",
    "title": "Party Time",
    "audio": "1_2/1_2.m3u8",
    "content": [
      {
        "folio": "108",
        "time": "1-1"
      },
      {
        "folio": "109",
        "time": "2-2"
      },
      {
        "folio": "110",
        "time": "3-3"
      }
    ],
    "children": [
      {
        "chapterTitle": "Getting Started",
        "title": "Getting Started",
        "audio": "1_2/1_2.m3u8",
        "content": [
          {
            "folio": "111",
            "time": "3-3"
          },
          {
            "folio": "112",
            "time": "4-4"
          },
          {
            "folio": "113",
            "time": "5-5"
          },
          {
            "folio": "114",
            "time": "6-6"
          },
          {
            "folio": "115",
            "time": "7-7"
          },
          {
            "folio": "116",
            "time": "8-8"
          },
          {
            "folio": "117",
            "time": "9-9"
          },
          {
            "folio": "118",
            "time": "10-10"
          }
        ]
      },
      {
        "chapterTitle": "Party Tonight",
        "title": "Party Tonight",
        "audio": "1_2/1_2.m3u8",
        "content": [
          {
            "folio": "119",
            "time": "10-10"
          },
          {
            "folio": "120",
            "time": "11-11"
          },
          {
            "folio": "121",
            "time": "12-12"
          },
          {
            "folio": "122",
            "time": "13-13"
          },
          {
            "folio": "123",
            "time": "14-14"
          },
          {
            "folio": "124",
            "time": "15-15"
          },
          {
            "folio": "125",
            "time": "16-16"
          },
          {
            "folio": "126",
            "time": "17-17"
          },
          {
            "folio": "127",
            "time": "18-18"
          },
          {
            "folio": "128",
            "time": "19-19"
          },
          {
            "folio": "129",
            "time": "20-20"
          },
          {
            "folio": "130",
            "time": "21-21"
          },
          {
            "folio": "131",
            "time": "22-22"
          },
          {
            "folio": "132",
            "time": "23-23"
          },
          {
            "folio": "133",
            "time": "24-24"
          },
          {
            "folio": "134",
            "time": "25-25"
          },
          {
            "folio": "135",
            "time": "26-26"
          }
        ]
      },
      {
        "chapterTitle": "Exam Time",
        "title": "Exam Time",
        "audio": "1_2/1_2.m3u8",
        "content": [
          {
            "folio": "136",
            "time": "26-26"
          },
          {
            "folio": "137",
            "time": "27-27"
          },
          {
            "folio": "138",
            "time": "28-28"
          },
          {
            "folio": "139",
            "time": "29-29"
          },
          {
            "folio": "140",
            "time": "30-30"
          },
          {
            "folio": "141",
            "time": "31-31"
          },
          {
            "folio": "142",
            "time": "32-32"
          },
          {
            "folio": "143",
            "time": "33-33"
          },
          {
            "folio": "144",
            "time": "34-34"
          },
          {
            "folio": "145",
            "time": "35-35"
          },
          {
            "folio": "146",
            "time": "36-36"
          },
          {
            "folio": "147",
            "time": "37-37"
          },
          {
            "folio": "148",
            "time": "38-38"
          },
          {
            "folio": "149",
            "time": "39-39"
          },
          {
            "folio": "150",
            "time": "40-40"
          }
        ]
      },
      {
        "chapterTitle": "Tea Party",
        "title": "Tea Party",
        "audio": "1_2/1_2.m3u8",
        "content": [
          {
            "folio": "151",
            "time": "40-40"
          },
          {
            "folio": "152",
            "time": "41-41"
          },
          {
            "folio": "153",
            "time": "42-42"
          },
          {
            "folio": "154",
            "time": "43-43"
          },
          {
            "folio": "155",
            "time": "44-44"
          },
          {
            "folio": "156",
            "time": "45-45"
          },
          {
            "folio": "157",
            "time": "46-46"
          },
          {
            "folio": "158",
            "time": "47-47"
          },
          {
            "folio": "159",
            "time": "48-48"
          },
          {
            "folio": "160",
            "time": "49-49"
          },
          {
            "folio": "161",
            "time": "50-50"
          }
        ],
        "children": [
          {
            "chapterTitle": "Whether Report",
            "title": "Whether Report",
            "audio": "1_2/1_2.m3u8",
            "content": [
              {
                "folio": "162",
                "time": "50-50"
              },
              {
                "folio": "163",
                "time": "51-51"
              },
              {
                "folio": "164",
                "time": "52-52"
              },
              {
                "folio": "165",
                "time": "53-53"
              },
              {
                "folio": "166",
                "time": "54-54"
              },
              {
                "folio": "167",
                "time": "55-55"
              },
              {
                "folio": "168",
                "time": "56-56"
              },
              {
                "folio": "169",
                "time": "57-57"
              },
              {
                "folio": "170",
                "time": "58-58"
              },
              {
                "folio": "171",
                "time": "59-59"
              },
              {
                "folio": "172",
                "time": "60-60"
              },
              {
                "folio": "173",
                "time": "61-61"
              },
              {
                "folio": "174",
                "time": "62-62"
              },
              {
                "folio": "175",
                "time": "63-63"
              },
              {
                "folio": "176",
                "time": "64-64"
              }
            ]
          },
          {
            "chapterTitle": "Brad Party",
            "title": "Brad Party",
            "audio": "1_2/1_2.m3u8",
            "content": [
              {
                "folio": "177",
                "time": "64-64"
              },
              {
                "folio": "178",
                "time": "65-65"
              },
              {
                "folio": "179",
                "time": "66-66"
              },
              {
                "folio": "180",
                "time": "67-67"
              },
              {
                "folio": "181",
                "time": "68-68"
              },
              {
                "folio": "182",
                "time": "69-69"
              },
              {
                "folio": "183",
                "time": "70-70"
              },
              {
                "folio": "184",
                "time": "71-71"
              },
              {
                "folio": "185",
                "time": "72-72"
              },
              {
                "folio": "186",
                "time": "73-73"
              },
              {
                "folio": "187",
                "time": "74-74"
              },
              {
                "folio": "188",
                "time": "75-75"
              },
              {
                "folio": "189",
                "time": "76-76"
              }
            ]
          },
          {
            "chapterTitle": "Search Results Web results  Pick Me Up™ – Apps on Google Playplay.google.com › store › apps › details › id=com.custo... Have you ever wanted to be a ride share driver? Pick up and drop off customers to earn money and level up.",
            "title": "Search Results Web results  Pick Me Up™ – Apps on Google Playplay.google.com › store › apps › details › id=com.custo... Have you ever wanted to be a ride share driver? Pick up and drop off customers to earn money and level up.",
            "audio": "1_2/1_2.m3u8",
            "content": [
              {
                "folio": "190",
                "time": "76-76"
              },
              {
                "folio": "191",
                "time": "77-77"
              },
              {
                "folio": "192",
                "time": "78-78"
              },
              {
                "folio": "193",
                "time": "79-79"
              },
              {
                "folio": "194",
                "time": "80-80"
              },
              {
                "folio": "195",
                "time": "81-81"
              },
              {
                "folio": "196",
                "time": "82-82"
              },
              {
                "folio": "197",
                "time": "83-83"
              },
              {
                "folio": "198",
                "time": "84-84"
              },
              {
                "folio": "199",
                "time": "85-85"
              },
              {
                "folio": "200",
                "time": "86-86"
              },
              {
                "folio": "201",
                "time": "87-87"
              },
              {
                "folio": "202",
                "time": "88-88"
              },
              {
                "folio": "203",
                "time": "89-89"
              },
              {
                "folio": "204",
                "time": "90-90"
              },
              {
                "folio": "205",
                "time": "91-91"
              },
              {
                "folio": "206",
                "time": "92-92"
              },
              {
                "folio": "207",
                "time": "93-93"
              },
              {
                "folio": "208",
                "time": "94-94"
              },
              {
                "folio": "209",
                "time": "95-95"
              },
              {
                "folio": "210",
                "time": "96-96"
              },
              {
                "folio": "211",
                "time": "97-97"
              },
              {
                "folio": "212",
                "time": "98-98"
              },
              {
                "folio": "213",
                "time": "99-99"
              },
              {
                "folio": "214",
                "time": "100-100"
              }
            ]
          }
        ]
      }
    ]
  }
]
