{
  "encryption": "V2",
  "author": "Edwin Abbott Abbott",
  "isbn": "1234567210607",
  "readBy": "Ruth Golding",
  "multiAudioPackage": "true",
  "publisher": "Librivox",
  "inLanguage": "en",
  "description": "Party Time or Partytime may refer to: Party Time (The Heptones album), 1977; Party Time (Arnett Cobb album), 1959; \"Party Time\" (T.G. Sheppard song)",
  "toc": [
    {
      "children": [
        {
          "name": "Getting Started",
          "description": "An overview of Bootstrap, how to download and use, basic templates and examples, and more. Download.",
          "url": "1_1/1_1.m3u8#t=3"
        },
        {
          "name": "Party Tonight",
          "description": "Dance with me baby, wont you dance with me all night",
          "url": "1_1/1_1.m3u8#t=10"
        },
        {
          "name": "Exam Time",
          "description": "",
          "url": "1_1/1_1.m3u8#t=26"
        },
        {
          "children": [
            {
              "name": "Whether Report",
              "description": "",
              "url": "1_1/1_1.m3u8#t=50"
            },
            {
              "name": "Brad Party",
              "description": "",
              "url": "1_1/1_1.m3u8#t=64"
            },
            {
              "name": "Search Results Web results  Pick Me Up™ – Apps on Google Playplay.google.com › store › apps › details › id=com.custo... Have you ever wanted to be a ride share driver? Pick up and drop off customers to earn money and level up.",
              "description": "Testing",
              "url": "1_1/1_1.m3u8#t=76"
            }
          ],
          "name": "Tea Party",
          "description": "",
          "url": "1_1/1_1.m3u8#t=40"
        }
      ],
      "name": "Party Time",
      "url": "1_1/1_1.m3u8#t=1"
    },
    {
      "children": [
        {
          "name": "Getting Started",
          "description": "An overview of Bootstrap, how to download and use, basic templates and examples, and more. Download.",
          "url": "1_2/1_2.m3u8#t=3"
        },
        {
          "name": "Party Tonight",
          "description": "Dance with me baby, wont you dance with me all night",
          "url": "1_2/1_2.m3u8#t=10"
        },
        {
          "name": "Exam Time",
          "description": "",
          "url": "1_2/1_2.m3u8#t=26"
        },
        {
          "children": [
            {
              "name": "Whether Report",
              "description": "",
              "url": "1_2/1_2.m3u8#t=50"
            },
            {
              "name": "Brad Party",
              "description": "",
              "url": "1_2/1_2.m3u8#t=64"
            },
            {
              "name": "Search Results Web results  Pick Me Up™ – Apps on Google Playplay.google.com › store › apps › details › id=com.custo... Have you ever wanted to be a ride share driver? Pick up and drop off customers to earn money and level up.",
              "description": "Testing",
              "url": "1_2/1_2.m3u8#t=76"
            }
          ],
          "name": "Tea Party",
          "description": "",
          "url": "1_2/1_2.m3u8#t=40"
        }
      ],
      "name": "Party Time",
      "url": "1_2/1_2.m3u8#t=1"
    }
  ],
  "resources": [
    {
      "rel": "cover",
      "encodingFormat": "image/jpeg",
      "url": "cover.jpg"
    }
  ],
  "title": "Party Time",
  "accessibilitySummary": "This is just a test summary",
  "packageDuration": "5290"
}
