{
    "ugcBookList" : [
                     {
                     "ugcList" : [
                                  {
                                  "status" : "NEW",
                                  "pageId" : "3",
                                  "id" : "-1",
                                  "localId" : "2DD9C7EF-EB97-4C07-90C2-7F5FD05992F0",
                                  "important" : "Y",
                                  "createdOn" : "2018-03-09 07:53:03",
                                  "ugcData" : "%7B%0A%20%20%22Comments%22%20%3A%20%5B%0A%0A%20%20%5D,%0A%20%20%22sharedWithUsers%22%20%3A%20%5B%0A%0A%20%20%5D,%0A%20%20%22Text%22%20%3A%20%22Guarantee%22%0A%7D",
                                  "type" : "2",
                                  "metadata" : "%7B%0A%20%20%22EndWordIndex%22%20%3A%2030001,%0A%20%20%22StartWordIndex%22%20%3A%2030001,%0A%20%20%22ChapterName%22%20%3A%20%22Title%20Page%22,%0A%20%20%22createdOn%22%20%3A%20%222018-03-09%2007%3A53%3A32%20+0000%22,%0A%20%20%22HighlightedText%22%20%3A%20%22Caribbean%22,%0A%20%20%22backgroundColor%22%20%3A%20%22%23FF0000%22,%0A%20%20%22IsImportant%22%20%3A%20%221%22%0A%7D",
                                  "folioID" : "i"
                                  },
                                  {
                                  "status" : "UPDATE",
                                  "pageId" : "3",
                                  "id" : "-1",
                                  "localId" : "36477683-71B3-4549-8AD4-545DCE67A616",
                                  "createdOn" : "2018-03-09 13:23:04",
                                  "ugcData" : "Title Page, Page-i _ AMol",
                                  "type" : "4",
                                  "metadata" : "%7B%0A%20%20%22ChapterId%22%20%3A%20%222%22,%0A%20%20%22ChapterName%22%20%3A%20%22Title%20Page%22%0A%7D",
                                  "folioID" : "i"
                                  },
                                  {
                                  "status" : "NEW",
                                  "pageId" : "3",
                                  "id" : "-1",
                                  "localId" : "68615443-DD5F-4DB6-93D8-8A77C667AA54",
                                  "important" : "N",
                                  "createdOn" : "2018-03-09 07:53:05",
                                  "ugcData" : "%7B%7D",
                                  "type" : "2",
                                  "metadata" : "%7B%0A%20%20%22EndWordIndex%22%20%3A%2030007,%0A%20%20%22StartWordIndex%22%20%3A%2030007,%0A%20%20%22ChapterName%22%20%3A%20%22Title%20Page%22,%0A%20%20%22createdOn%22%20%3A%20%222018-03-09%2007%3A53%3A53%20+0000%22,%0A%20%20%22HighlightedText%22%20%3A%20%22Ninah%22,%0A%20%20%22backgroundColor%22%20%3A%20%22%23FFFF00%22,%0A%20%20%22IsImportant%22%20%3A%20%220%22%0A%7D",
                                  "folioID" : "i"
                                  },
                                  {
                                  "status" : "NEW",
                                  "pageId" : "3",
                                  "localId" : "AA39946A-8118-4133-B295-44F4DB96776B",
                                  "important" : "N",
                                  "createdOn" : "2018-03-09 13:24:00",
                                  "ugcData" : "%7B%0A%20%20%22y%22%20%3A%20%22456.924418%22,%0A%20%20%22Comments%22%20%3A%20%5B%0A%0A%20%20%5D,%0A%20%20%22sharedWithUsers%22%20%3A%20%5B%0A%0A%20%20%5D,%0A%20%20%22x%22%20%3A%20%22129.370283%22,%0A%20%20%22Text%22%20%3A%20%22Aasasasa%22%0A%7D",
                                  "type" : "2",
                                  "metadata" : "%7B%0A%20%20%22StartWordIndex%22%20%3A%20-1,%0A%20%20%22IsImportant%22%20%3A%20%220%22,%0A%20%20%22EndWordIndex%22%20%3A%20-1,%0A%20%20%22ChapterName%22%20%3A%20%22Title%20Page%22,%0A%20%20%22createdOn%22%20%3A%20%222018-03-09%2013%3A24%3A02%20+0000%22,%0A%20%20%22backgroundColor%22%20%3A%20%22FFF000%22%0A%7D"
                                  },
                                  {
                                  "status" : "NEW",
                                  "pageId" : "3",
                                  "id" : "-1",
                                  "localId" : "9634BA3E-7435-4F78-A7A0-48B44995988E",
                                  "createdOn" : "2018-03-09 13:24:01",
                                  "ugcData" : "",
                                  "type" : "3",
                                  "metadata" : "%7B%0A%20%20%22LineStyle%22%20%3A%200,%0A%20%20%22LineWidth%22%20%3A%20%224%22,%0A%20%20%22LineColor%22%20%3A%20%22000000%22,%0A%20%20%22PathPoints%22%20%3A%20%5B%0A%20%20%20%20%7B%0A%20%20%20%20%20%20%22x%22%20%3A%20195.74285888671875,%0A%20%20%20%20%20%20%22y%22%20%3A%20267.55633544921875%0A%20%20%20%20%7D,%0A%20%20%20%20%7B%0A%20%20%20%20%20%20%22x%22%20%3A%20249.36590576171875,%0A%20%20%20%20%20%20%22y%22%20%3A%20267.55633544921875%0A%20%20%20%20%7D,%0A%20%20%20%20%7B%0A%20%20%20%20%20%20%22x%22%20%3A%20259.86553955078125,%0A%20%20%20%20%20%20%22y%22%20%3A%20267.55633544921875%0A%20%20%20%20%7D,%0A%20%20%20%20%7B%0A%20%20%20%20%20%20%22x%22%20%3A%20268.86520385742188,%0A%20%20%20%20%20%20%22y%22%20%3A%20267.55633544921875%0A%20%20%20%20%7D,%0A%20%20%20%20%7B%0A%20%20%20%20%20%20%22x%22%20%3A%20276.36492919921875,%0A%20%20%20%20%20%20%22y%22%20%3A%20267.55633544921875%0A%20%20%20%20%7D,%0A%20%20%20%20%7B%0A%20%20%20%20%20%20%22x%22%20%3A%20283.48965454101562,%0A%20%20%20%20%20%20%22y%22%20%3A%20267.55633544921875%0A%20%20%20%20%7D,%0A%20%20%20%20%7B%0A%20%20%20%20%20%20%22x%22%20%3A%20285.73959350585938,%0A%20%20%20%20%20%20%22y%22%20%3A%20267.55633544921875%0A%20%20%20%20%7D,%0A%20%20%20%20%7B%0A%20%20%20%20%20%20%22x%22%20%3A%20286.48956298828125,%0A%20%20%20%20%20%20%22y%22%20%3A%20267.55633544921875%0A%20%20%20%20%7D,%0A%20%20%20%20%7B%0A%20%20%20%20%20%20%22x%22%20%3A%20288.73947143554688,%0A%20%20%20%20%20%20%22y%22%20%3A%20267.55633544921875%0A%20%20%20%20%7D,%0A%20%20%20%20%7B%0A%20%20%20%20%20%20%22x%22%20%3A%20293.98928833007812,%0A%20%20%20%20%20%20%22y%22%20%3A%20267.55633544921875%0A%20%20%20%20%7D,%0A%20%20%20%20%7B%0A%20%20%20%20%20%20%22x%22%20%3A%20300.73904418945312,%0A%20%20%20%20%20%20%22y%22%20%3A%20268.30630493164062%0A%20%20%20%20%7D,%0A%20%20%20%20%7B%0A%20%20%20%20%20%20%22x%22%20%3A%20307.48880004882812,%0A%20%20%20%20%20%20%22y%22%20%3A%20269.43124389648438%0A%20%20%20%20%7D,%0A%20%20%20%20%7B%0A%20%20%20%20%20%20%22x%22%20%3A%20313.48855590820312,%0A%20%20%20%20%20%20%22y%22%20%3A%20270.55621337890625%0A%20%20%20%20%7D,%0A%20%20%20%20%7B%0A%20%20%20%20%20%20%22x%22%20%3A%20317.61343383789062,%0A%20%20%20%20%20%20%22y%22%20%3A%20271.30618286132812%0A%20%20%20%20%7D,%0A%20%20%20%20%7B%0A%20%20%20%20%20%20%22x%22%20%3A%20323.61318969726562,%0A%20%20%20%20%20%20%22y%22%20%3A%20272.43115234375%0A%20%20%20%20%7D,%0A%20%20%20%20%7B%0A%20%20%20%20%20%20%22x%22%20%3A%20329.61297607421875,%0A%20%20%20%20%20%20%22y%22%20%3A%20273.18112182617188%0A%20%20%20%20%7D,%0A%20%20%20%20%7B%0A%20%20%20%20%20%20%22x%22%20%3A%20334.11282348632812,%0A%20%20%20%20%20%20%22y%22%20%3A%20273.55609130859375%0A%20%20%20%20%7D,%0A%20%20%20%20%7B%0A%20%20%20%20%20%20%22x%22%20%3A%20338.2376708984375,%0A%20%20%20%20%20%20%22y%22%20%3A%20273.93109130859375%0A%20%20%20%20%7D,%0A%20%20%20%20%7B%0A%20%20%20%20%20%20%22x%22%20%3A%20342.36251831054688,%0A%20%20%20%20%20%20%22y%22%20%3A%20273.93109130859375%0A%20%20%20%20%7D,%0A%20%20%20%20%7B%0A%20%20%20%20%20%20%22x%22%20%3A%20345.73739624023438,%0A%20%20%20%20%20%20%22y%22%20%3A%20273.93109130859375%0A%20%20%20%20%7D,%0A%20%20%20%20%7B%0A%20%20%20%20%20%20%22x%22%20%3A%20347.23733520507812,%0A%20%20%20%20%20%20%22y%22%20%3A%20273.93109130859375%0A%20%20%20%20%7D,%0A%20%20%20%20%7B%0A%20%20%20%20%20%20%22x%22%20%3A%20348.3623046875,%0A%20%20%20%20%20%20%22y%22%20%3A%20273.93109130859375%0A%20%20%20%20%7D,%0A%20%20%20%20%7B%0A%20%20%20%20%20%20%22x%22%20%3A%20351.3621826171875,%0A%20%20%20%20%20%20%22y%22%20%3A%20273.93109130859375%0A%20%20%20%20%7D,%0A%20%20%20%20%7B%0A%20%20%20%20%20%20%22x%22%20%3A%20357.73696899414062,%0A%20%20%20%20%20%20%22y%22%20%3A%20273.93109130859375%0A%20%20%20%20%7D,%0A%20%20%20%20%7B%0A%20%20%20%20%20%20%22x%22%20%3A%20361.86181640625,%0A%20%20%20%20%20%20%22y%22%20%3A%20273.93109130859375%0A%20%20%20%20%7D,%0A%20%20%20%20%7B%0A%20%20%20%20%20%20%22x%22%20%3A%20367.86160278320312,%0A%20%20%20%20%20%20%22y%22%20%3A%20273.18112182617188%0A%20%20%20%20%7D,%0A%20%20%20%20%7B%0A%20%20%20%20%20%20%22x%22%20%3A%20373.11138916015625,%0A%20%20%20%20%20%20%22y%22%20%3A%20271.68118286132812%0A%20%20%20%20%7D,%0A%20%20%20%20%7B%0A%20%20%20%20%20%20%22x%22%20%3A%20376.86126708984375,%0A%20%20%20%20%20%20%22y%22%20%3A%20270.55621337890625%0A%20%20%20%20%7D,%0A%20%20%20%20%7B%0A%20%20%20%20%20%20%22x%22%20%3A%20379.11117553710938,%0A%20%20%20%20%20%20%22y%22%20%3A%20270.18121337890625%0A%20%20%20%20%7D,%0A%20%20%20%20%7B%0A%20%20%20%20%20%20%22x%22%20%3A%20380.23614501953125,%0A%20%20%20%20%20%20%22y%22%20%3A%20269.43124389648438%0A%20%20%20%20%7D,%0A%20%20%20%20%7B%0A%20%20%20%20%20%20%22x%22%20%3A%20380.98611450195312,%0A%20%20%20%20%20%20%22y%22%20%3A%20269.43124389648438%0A%20%20%20%20%7D,%0A%20%20%20%20%7B%0A%20%20%20%20%20%20%22x%22%20%3A%20381.361083984375,%0A%20%20%20%20%20%20%22y%22%20%3A%20269.43124389648438%0A%20%20%20%20%7D,%0A%20%20%20%20%7B%0A%20%20%20%20%20%20%22x%22%20%3A%20381.736083984375,%0A%20%20%20%20%20%20%22y%22%20%3A%20269.0562744140625%0A%20%20%20%20%7D,%0A%20%20%20%20%7B%0A%20%20%20%20%20%20%22x%22%20%3A%20382.48605346679688,%0A%20%20%20%20%20%20%22y%22%20%3A%20269.0562744140625%0A%20%20%20%20%7D,%0A%20%20%20%20%7B%0A%20%20%20%20%20%20%22x%22%20%3A%20382.86105346679688,%0A%20%20%20%20%20%20%22y%22%20%3A%20269.0562744140625%0A%20%20%20%20%7D,%0A%20%20%20%20%7B%0A%20%20%20%20%20%20%22x%22%20%3A%20383.61102294921875,%0A%20%20%20%20%20%20%22y%22%20%3A%20268.6812744140625%0A%20%20%20%20%7D,%0A%20%20%20%20%7B%0A%20%20%20%20%20%20%22x%22%20%3A%20385.1109619140625,%0A%20%20%20%20%20%20%22y%22%20%3A%20268.30630493164062%0A%20%20%20%20%7D,%0A%20%20%20%20%7B%0A%20%20%20%20%20%20%22x%22%20%3A%20385.86093139648438,%0A%20%20%20%20%20%20%22y%22%20%3A%20267.93130493164062%0A%20%20%20%20%7D,%0A%20%20%20%20%7B%0A%20%20%20%20%20%20%22x%22%20%3A%20386.61090087890625,%0A%20%20%20%20%20%20%22y%22%20%3A%20267.93130493164062%0A%20%20%20%20%7D,%0A%20%20%20%20%7B%0A%20%20%20%20%20%20%22x%22%20%3A%20386.61090087890625,%0A%20%20%20%20%20%20%22y%22%20%3A%20267.55633544921875%0A%20%20%20%20%7D,%0A%20%20%20%20%7B%0A%20%20%20%20%20%20%22x%22%20%3A%20387.73587036132812,%0A%20%20%20%20%20%20%22y%22%20%3A%20266.80633544921875%0A%20%20%20%20%7D,%0A%20%20%20%20%7B%0A%20%20%20%20%20%20%22x%22%20%3A%20388.48583984375,%0A%20%20%20%20%20%20%22y%22%20%3A%20266.43136596679688%0A%20%20%20%20%7D,%0A%20%20%20%20%7B%0A%20%20%20%20%20%20%22x%22%20%3A%20389.23580932617188,%0A%20%20%20%20%20%20%22y%22%20%3A%20265.681396484375%0A%20%20%20%20%7D,%0A%20%20%20%20%7B%0A%20%20%20%20%20%20%22x%22%20%3A%20389.61080932617188,%0A%20%20%20%20%20%20%22y%22%20%3A%20265.681396484375%0A%20%20%20%20%7D,%0A%20%20%20%20%7B%0A%20%20%20%20%20%20%22x%22%20%3A%20389.98577880859375,%0A%20%20%20%20%20%20%22y%22%20%3A%20264.93142700195312%0A%20%20%20%20%7D,%0A%20%20%20%20%7B%0A%20%20%20%20%20%20%22x%22%20%3A%20390.36077880859375,%0A%20%20%20%20%20%20%22y%22%20%3A%20264.55642700195312%0A%20%20%20%20%7D%0A%20%20%5D,%0A%20%20%22toolData%22%20%3A%20%7B%0A%0A%20%20%7D,%0A%20%20%22ChapterId%22%20%3A%20%220%22%0A%7D",
                                  "folioID" : "i"
                                  },
                                  {
                                  "status" : "NEW",
                                  "pageId" : "3",
                                  "id" : "-1",
                                  "localId" : "77EBC3BC-7A5E-458B-AF4F-C81D46A31F70",
                                  "createdOn" : "2018-03-09 13:24:01",
                                  "ugcData" : "",
                                  "type" : "3",
                                  "metadata" : "%7B%0A%20%20%22LineStyle%22%20%3A%200,%0A%20%20%22LineWidth%22%20%3A%20%224%22,%0A%20%20%22LineColor%22%20%3A%20%22FF0000%22,%0A%20%20%22PathPoints%22%20%3A%20%5B%0A%20%20%20%20%7B%0A%20%20%20%20%20%20%22x%22%20%3A%20196.49282836914062,%0A%20%20%20%20%20%20%22y%22%20%3A%20283.68072509765625%0A%20%20%20%20%7D,%0A%20%20%20%20%7B%0A%20%20%20%20%20%20%22x%22%20%3A%20290.9893798828125,%0A%20%20%20%20%20%20%22y%22%20%3A%20283.68072509765625%0A%20%20%20%20%7D,%0A%20%20%20%20%7B%0A%20%20%20%20%20%20%22x%22%20%3A%20305.98883056640625,%0A%20%20%20%20%20%20%22y%22%20%3A%20283.68072509765625%0A%20%20%20%20%7D,%0A%20%20%20%20%7B%0A%20%20%20%20%20%20%22x%22%20%3A%20316.48846435546875,%0A%20%20%20%20%20%20%22y%22%20%3A%20283.68072509765625%0A%20%20%20%20%7D,%0A%20%20%20%20%7B%0A%20%20%20%20%20%20%22x%22%20%3A%20320.23831176757812,%0A%20%20%20%20%20%20%22y%22%20%3A%20283.68072509765625%0A%20%20%20%20%7D,%0A%20%20%20%20%7B%0A%20%20%20%20%20%20%22x%22%20%3A%20328.488037109375,%0A%20%20%20%20%20%20%22y%22%20%3A%20283.68072509765625%0A%20%20%20%20%7D,%0A%20%20%20%20%7B%0A%20%20%20%20%20%20%22x%22%20%3A%20332.61288452148438,%0A%20%20%20%20%20%20%22y%22%20%3A%20284.05572509765625%0A%20%20%20%20%7D,%0A%20%20%20%20%7B%0A%20%20%20%20%20%20%22x%22%20%3A%20338.98764038085938,%0A%20%20%20%20%20%20%22y%22%20%3A%20284.80569458007812%0A%20%20%20%20%7D,%0A%20%20%20%20%7B%0A%20%20%20%20%20%20%22x%22%20%3A%20347.61233520507812,%0A%20%20%20%20%20%20%22y%22%20%3A%20284.80569458007812%0A%20%20%20%20%7D,%0A%20%20%20%20%7B%0A%20%20%20%20%20%20%22x%22%20%3A%20353.23712158203125,%0A%20%20%20%20%20%20%22y%22%20%3A%20284.05572509765625%0A%20%20%20%20%7D,%0A%20%20%20%20%7B%0A%20%20%20%20%20%20%22x%22%20%3A%20356.23699951171875,%0A%20%20%20%20%20%20%22y%22%20%3A%20283.68072509765625%0A%20%20%20%20%7D,%0A%20%20%20%20%7B%0A%20%20%20%20%20%20%22x%22%20%3A%20361.48681640625,%0A%20%20%20%20%20%20%22y%22%20%3A%20284.05572509765625%0A%20%20%20%20%7D,%0A%20%20%20%20%7B%0A%20%20%20%20%20%20%22x%22%20%3A%20366.73663330078125,%0A%20%20%20%20%20%20%22y%22%20%3A%20284.80569458007812%0A%20%20%20%20%7D,%0A%20%20%20%20%7B%0A%20%20%20%20%20%20%22x%22%20%3A%20375.73629760742188,%0A%20%20%20%20%20%20%22y%22%20%3A%20285.18069458007812%0A%20%20%20%20%7D,%0A%20%20%20%20%7B%0A%20%20%20%20%20%20%22x%22%20%3A%20382.11105346679688,%0A%20%20%20%20%20%20%22y%22%20%3A%20285.18069458007812%0A%20%20%20%20%7D,%0A%20%20%20%20%7B%0A%20%20%20%20%20%20%22x%22%20%3A%20385.1109619140625,%0A%20%20%20%20%20%20%22y%22%20%3A%20285.18069458007812%0A%20%20%20%20%7D,%0A%20%20%20%20%7B%0A%20%20%20%20%20%20%22x%22%20%3A%20387.36087036132812,%0A%20%20%20%20%20%20%22y%22%20%3A%20285.18069458007812%0A%20%20%20%20%7D,%0A%20%20%20%20%7B%0A%20%20%20%20%20%20%22x%22%20%3A%20389.61080932617188,%0A%20%20%20%20%20%20%22y%22%20%3A%20285.18069458007812%0A%20%20%20%20%7D,%0A%20%20%20%20%7B%0A%20%20%20%20%20%20%22x%22%20%3A%20392.61068725585938,%0A%20%20%20%20%20%20%22y%22%20%3A%20285.18069458007812%0A%20%20%20%20%7D,%0A%20%20%20%20%7B%0A%20%20%20%20%20%20%22x%22%20%3A%20394.48562622070312,%0A%20%20%20%20%20%20%22y%22%20%3A%20285.18069458007812%0A%20%20%20%20%7D,%0A%20%20%20%20%7B%0A%20%20%20%20%20%20%22x%22%20%3A%20395.61056518554688,%0A%20%20%20%20%20%20%22y%22%20%3A%20285.18069458007812%0A%20%20%20%20%7D%0A%20%20%5D,%0A%20%20%22toolData%22%20%3A%20%7B%0A%0A%20%20%7D,%0A%20%20%22ChapterId%22%20%3A%20%220%22%0A%7D",
                                  "folioID" : "i"
                                  }
                                  ],
                     "bookID" : 22551
                     }
                     ]
}
