{
    "ProfileSettingsBackButton":
    {
        "hint":"Tap this Button to Close the Profile Settings. And back to Bookshelf.",
        "label":"Back",
        "isAccessiblityEnabled":true
    },
    "ProfileSettingsChangePasswordButton":
    {
        "hint":"Tap this Button to Change Your Password.",
        "label":"Change Password",
        "isAccessiblityEnabled":true
    },
    "ProfileSettingsEditProfileButton":
    {
        "hint":"Tap this Button to Edit Your Profile Photo and Username.",
        "label":"Edit Profile",
        "isAccessiblityEnabled":true
    },
    "ProfileSettingsAboutUsButton":
    {
        "hint":"Tap this Button for navigation to About us Page.",
        "label":"About Us",
        "isAccessiblityEnabled":true
    },
    "ProfileSettingsPrivacyPolicyButton":
    {
        "hint":"Tap this Button for navigation to Privacy Policy Page.",
        "label":"Privacy Policy",
        "isAccessiblityEnabled":true
    },
    "ProfileSettingsTermsAndConditionsButton":
    {
        "hint":"Tap this Button for navigation to Terms And Conditions Page.",
        "label":"Terms and Conditions",
        "isAccessiblityEnabled":true
    },
    "ProfileSettingsSignOutButton":
    {
        "hint":"Tap this Button to Sign out.",
        "label":"SIGN OUT",
        "isAccessiblityEnabled":true
    },
    "ProfileSettingsVersionLabel":
    {
        "hint":"",
        "label":"Version 1.0",
        "isAccessiblityEnabled":true
    },
    "ChangePasswordBackButton":
    {
        "hint":"Back to Profile Settings.",
        "label":"Back",
        "isAccessiblityEnabled":true
    },
    "ChangePasswordCurrentPasswordTF":
    {
        "hint":"Enter Your Current Password Here.",
        "label":"",
        "isAccessiblityEnabled":true
    },
    "ChangePasswordNewPasswordTF":
    {
        "hint":"Enter Your New Password Here.",
        "label":"",
        "isAccessiblityEnabled":true
    },
    "ChangePasswordReEntrePasswordTF":
    {
        "hint":"Re Enter Your Password Here.",
        "label":"",
        "isAccessiblityEnabled":true
    },
    "ChangePasswordCancelButton":
    {
        "hint":"Tap this button to Cancel your Request. And Return to Profile Settings.",
        "label":"Cancel",
        "isAccessiblityEnabled":true
    },
    "ChangePasswordSaveButton":
    {
        "hint":"Tap this button to save your request for change Password. And return to Profile Settings after updation of the data.",
        "label":"Save",
        "isAccessiblityEnabled":true
    },
    "ChangePasswordOpenEyeIcon":
    {
        "hint":"Passwords are visible",
        "label":"Hide Password",
        "isAccessiblityEnabled":true
    },
    "ChangePasswordCloseEyeIcon":
    {
        "hint":"Passwords are Invisible",
        "label":"Show Password",
        "isAccessiblityEnabled":true
    },
    "EditProfileBackButton":
    {
        "hint":"Back to Profile Settings.",
        "label":"Back",
        "isAccessiblityEnabled":true
    },
    "EditProfileEditImageButton":
    {
        "hint":"Tap this button to change your profile photo.",
        "label":"Edit Profile Photo",
        "isAccessiblityEnabled":true
    },
    "EditProfileFirstNameTF":
    {
        "hint":"Enter your First Name Here.",
        "label":"First Name",
        "isAccessiblityEnabled":true
    },
    "EditProfileLastNameTF":
    {
        "hint":"Enter Your Last name here.",
        "label":"Last Name",
        "isAccessiblityEnabled":true
    },
    "EditProfileCancelButton":
    {
        "hint":"Tap this button to Cancel your Request. And Return to Profile Settings.",
        "label":"Cancel",
        "isAccessiblityEnabled":true
    },
    "EditProfileSaveButton":
    {
        "hint":"Tap this button to save your request for update Profile. And return to Profile Settings after updation of the data.",
        "label":"Save",
        "isAccessiblityEnabled":true
    },
    "ImageControlDefault":
    {
        "hint":"Tap this button for Default Profile Photo.",
        "label":"Default",
        "isAccessiblityEnabled":true
    },
    "ImageControlCamera":
    {
        "hint":"Tap this button to Open Camera.",
        "label":"Camera",
        "isAccessiblityEnabled":true
    },
    "ImageControlLibrary":
    {
        "hint":"Tap this button to open Library.",
        "label":"Library",
        "isAccessiblityEnabled":true
    },
    "SelectLanguageButton":
    {
        "hint":"Tap this button to change the language",
        "label":"Select Language",
        "isAccessiblityEnabled":true
    }
}
